,Unnamed: 0,time,high,low,open,volumefrom,volumeto,close,conversionType,conversionSymbol,date
1,1,1646265600,84.31,77.11,83.35,5059542.01,397427024.89,78.55,multiply,USDT,2022-03-03
2,2,1646179200,89.9,82.41,86.89,4069749.86,339213650.83,83.35,multiply,USDT,2022-03-02
3,3,1646092800,90.78,83.68,84.53,6373953.75,553832841.34,86.89,multiply,USDT,2022-03-01
4,4,1646006400,85.4,71.94,75.12,6711533.34,567325913.23,84.53,multiply,USDT,2022-02-28
5,5,1645920000,82.6,73.24,81.86,5993582.14,450208162.19,75.12,multiply,USDT,2022-02-27
6,6,1645833600,85.01,78.18,81.06,5182715.76,424266337.35,81.86,multiply,USDT,2022-02-26
7,7,1645747200,82.03,72.77,76.52,5466106.9,443087982.1,81.06,multiply,USDT,2022-02-25
8,8,1645660800,79.94,64.57,73.51,11580971.38,886134701.74,76.52,multiply,USDT,2022-02-24
9,9,1645574400,82.5,73.36,74.5,6563767.89,482525156.96,73.51,multiply,USDT,2022-02-23
10,10,1645488000,74.97,67.42,70.14,5614496.56,418304865.94,74.5,multiply,USDT,2022-02-22
11,11,1645401600,82.76,69.55,77.38,6595250.6,462591338.75,70.14,multiply,USDT,2022-02-21
12,12,1645315200,85.78,76.64,85.02,3682121.62,284912629.23,77.38,multiply,USDT,2022-02-20
13,13,1645228800,86.32,80.9,83.76,2952822.44,251048963.85,85.02,multiply,USDT,2022-02-19
14,14,1645142400,90.05,82.49,88.34,4205228.83,352245442.04,83.76,multiply,USDT,2022-02-18
15,15,1645056000,98.76,86.49,95.41,5754986.47,508385433.53,88.34,multiply,USDT,2022-02-17
16,16,1644969600,97.44,91.58,93.05,5290032.3,504697171.49,95.41,multiply,USDT,2022-02-16
17,17,1644883200,93.67,81.53,81.87,4122437.91,383605049.94,93.05,multiply,USDT,2022-02-15
18,18,1644796800,82.57,76.19,77.98,3109021.82,254535616.4,81.87,multiply,USDT,2022-02-14
19,19,1644710400,83.35,77.63,81.35,2459159.92,191760126.33,77.98,multiply,USDT,2022-02-13
20,20,1644624000,84.84,78.9,81.84,4123661.6,335465108.21,81.35,multiply,USDT,2022-02-12
21,21,1644537600,92.58,80.09,91.26,4681725.86,383160684.22,81.84,multiply,USDT,2022-02-11
22,22,1644451200,95.08,85.16,90.15,4735008.21,432122389.2,91.26,multiply,USDT,2022-02-10
23,23,1644364800,92.11,84.55,86.4,3740464.3,337203081.07,90.15,multiply,USDT,2022-02-09
24,24,1644278400,93.25,81.82,83.22,8741310.03,755216931.16,86.4,multiply,USDT,2022-02-08
25,25,1644192000,85.41,77.55,79.03,3714092.7,309098456.75,83.22,multiply,USDT,2022-02-07
26,26,1644105600,79.18,74.59,77.11,2137920.56,168957617.04,79.03,multiply,USDT,2022-02-06
27,27,1644019200,80.96,75.21,77.76,3422556.12,263903137.42,77.11,multiply,USDT,2022-02-05
28,28,1643932800,77.88,67.53,68.38,4484784.15,348726410.8,77.76,multiply,USDT,2022-02-04
29,29,1643846400,69.09,65.15,67.88,3627409.98,248042294.43,68.38,multiply,USDT,2022-02-03
30,30,1643760000,74.9,67.54,73.39,4496715.7,305227213.91,67.88,multiply,USDT,2022-02-02
31,31,1643673600,73.91,68.59,69.94,3967576.33,291193599.21,73.39,multiply,USDT,2022-02-01
32,32,1643587200,70.7,64.34,67.99,3533913.67,247161462.67,69.94,multiply,USDT,2022-01-31
33,33,1643500800,72.37,66.93,71.82,2609226.72,177401324.69,67.99,multiply,USDT,2022-01-30
34,34,1643414400,73.45,66.88,67.01,3273292.14,235087841.49,71.82,multiply,USDT,2022-01-29
35,35,1643328000,67.45,61.74,64.71,3689552.8,247236933.13,67.01,multiply,USDT,2022-01-28
36,36,1643241600,67.93,61.16,65.89,4364168.43,282405339.11,64.71,multiply,USDT,2022-01-27
37,37,1643155200,72.59,64.49,68.04,6113399.1,402786312.69,65.89,multiply,USDT,2022-01-26
38,38,1643068800,70.57,61.75,63.03,4874547.63,331654325.41,68.04,multiply,USDT,2022-01-25
39,39,1642982400,64.78,55.21,64.75,6534659.06,411879560.55,63.03,multiply,USDT,2022-01-24
40,40,1642896000,66.81,59.04,59.81,5618900.02,363823776.29,64.75,multiply,USDT,2022-01-23
41,41,1642809600,67.5,53.11,66.11,7533672.66,450588961.79,59.81,multiply,USDT,2022-01-22
42,42,1642723200,80.36,64.03,79.37,5185030.5,342782366.36,66.11,multiply,USDT,2022-01-21
43,43,1642636800,87.77,78.73,82.65,2372755.54,188325607.21,79.37,multiply,USDT,2022-01-20
44,44,1642550400,86.38,81.12,86.02,2388738.5,197429237.03,82.65,multiply,USDT,2022-01-19
45,45,1642464000,87.39,83.72,86.68,2198887.29,189148284.69,86.02,multiply,USDT,2022-01-18
46,46,1642377600,92.5,85.36,92.26,2593564.56,224810176.06,86.68,multiply,USDT,2022-01-17
47,47,1642291200,94.86,91.83,93.03,1921948.18,177318939.09,92.26,multiply,USDT,2022-01-16
48,48,1642204800,94.38,89.56,90.39,1900927.42,176843277.88,93.03,multiply,USDT,2022-01-15
49,49,1642118400,91.71,87.35,89.64,2506160.15,226531815.96,90.39,multiply,USDT,2022-01-14
50,50,1642032000,97.22,89.12,95.97,2861460.61,256501329.08,89.64,multiply,USDT,2022-01-13
51,51,1641945600,96.76,88.83,89.56,3455753.12,331648626.93,95.97,multiply,USDT,2022-01-12
52,52,1641859200,90.83,83.23,84.4,2729213.44,244428355.69,89.56,multiply,USDT,2022-01-11
53,53,1641772800,91.27,80.54,89.31,4666253.46,393831792.02,84.4,multiply,USDT,2022-01-10
54,54,1641686400,91.87,82.5,83.89,2993437.08,267343865.61,89.31,multiply,USDT,2022-01-09
55,55,1641600000,89.56,79.2,86.72,4343860.91,364406491.74,83.89,multiply,USDT,2022-01-08
56,56,1641513600,95.46,85.04,95.17,1667192.57,147776437.65,86.8,direct,,2022-01-07
57,57,1641427200,97.94,91.07,97.4,2159187.9,205447773.73,95.15,multiply,USDT,2022-01-06
58,58,1641340800,106.6,90.58,103.36,3810979.22,371189376.03,97.4,multiply,USDT,2022-01-05
59,59,1641254400,109.25,102.87,108.09,3179500.67,328633189.25,103.36,multiply,USDT,2022-01-04
60,60,1641168000,114.1,106.1,113.09,2797905.05,302425556.85,108.09,multiply,USDT,2022-01-03
61,61,1641081600,117.45,112.04,114.18,2280084.69,257854777.59,113.09,multiply,USDT,2022-01-02
62,62,1640995200,114.46,108.55,109.37,2245869.19,256433344.11,114.18,multiply,USDT,2022-01-01
63,63,1640908800,111.94,100.26,101.75,4323805.06,472894559.41,109.37,multiply,USDT,2021-12-31
64,64,1640822400,105.38,98.31,103.09,3441083.61,350130257.32,101.75,multiply,USDT,2021-12-30
65,65,1640736000,110.55,102.32,107.03,3493305.96,360124911.42,103.09,multiply,USDT,2021-12-29
66,66,1640649600,116.69,104.47,113.83,4407828.35,471769868.3,107.03,multiply,USDT,2021-12-28
67,67,1640563200,120.92,113.43,115.03,3101949.68,353094932.07,113.83,multiply,USDT,2021-12-27
68,68,1640476800,117.93,109.75,115.01,3273498.89,376550577.32,115.03,multiply,USDT,2021-12-26
69,69,1640390400,116.92,112.2,114.89,2926965.44,336630295.25,115.01,multiply,USDT,2021-12-25
70,70,1640304000,124.54,113.37,121.36,3861119.86,443604060.72,114.89,multiply,USDT,2021-12-24
71,71,1640217600,124.92,116.32,116.67,4425390.84,537065432.34,121.36,multiply,USDT,2021-12-23
72,72,1640131200,127.26,115.67,123.24,5078042.45,592455212.64,116.67,multiply,USDT,2021-12-22
73,73,1640044800,123.95,110.64,113.5,6141915.5,756929666.22,123.24,multiply,USDT,2021-12-21
74,74,1639958400,116.25,101.02,107.64,8008836.65,909002959.78,113.5,multiply,USDT,2021-12-20
75,75,1639872000,116.66,106.77,116.05,3926683.48,422668209.79,107.64,multiply,USDT,2021-12-19
76,76,1639785600,117.43,105.66,110.8,6321274.17,733558139.84,116.05,multiply,USDT,2021-12-18
77,77,1639699200,115.94,98.23,98.24,10161578.5,1125902897.8,110.8,multiply,USDT,2021-12-17
78,78,1639612800,109.91,98.06,101.31,6907379.14,678580926.71,98.24,multiply,USDT,2021-12-16
79,79,1639526400,105.7,86.3,87.22,9998516.01,1012961755.18,101.31,multiply,USDT,2021-12-15
80,80,1639440000,87.42,76.39,79.13,4889362.69,426450213.82,87.22,multiply,USDT,2021-12-14
81,81,1639353600,90.0,75.98,88.09,6503643.26,514627112.7,79.13,multiply,USDT,2021-12-13
82,82,1639267200,89.04,83.07,86.54,2909917.04,256328772.22,88.09,multiply,USDT,2021-12-12
83,83,1639180800,87.16,78.57,80.71,4147157.59,358880295.43,86.54,multiply,USDT,2021-12-11
84,84,1639094400,91.75,80.48,85.55,5571954.24,449712426.71,80.71,multiply,USDT,2021-12-10
85,85,1639008000,94.63,83.4,93.25,4385374.13,375148847.22,85.55,multiply,USDT,2021-12-09
86,86,1638921600,93.28,86.41,89.66,3155428.15,294253646.14,93.25,multiply,USDT,2021-12-08
87,87,1638835200,96.7,88.14,93.16,4901384.84,439456057.16,89.66,multiply,USDT,2021-12-07
88,88,1638748800,94.91,77.12,86.41,7552641.94,703627309.74,93.16,multiply,USDT,2021-12-06
89,89,1638662400,95.45,82.65,93.16,5556149.15,480086401.42,86.41,multiply,USDT,2021-12-05
90,90,1638576000,108.87,77.41,108.57,8239456.41,767613054.29,93.16,multiply,USDT,2021-12-04
91,91,1638489600,113.19,100.62,107.89,4840844.91,525563076.98,108.57,multiply,USDT,2021-12-03
92,92,1638403200,119.85,107.08,119.73,4242296.63,457691965.51,107.89,multiply,USDT,2021-12-02
93,93,1638316800,127.51,117.44,120.45,5028469.87,602056736.43,119.73,multiply,USDT,2021-12-01
94,94,1638230400,124.86,114.31,120.54,5834371.32,702751950.84,120.45,multiply,USDT,2021-11-30
95,95,1638144000,120.55,109.21,110.58,4388661.72,529011126.97,120.54,multiply,USDT,2021-11-29
96,96,1638057600,114.03,100.9,113.67,5757472.77,636664044.92,110.58,multiply,USDT,2021-11-28
97,97,1637971200,118.07,103.44,104.33,4319951.98,491064320.6,113.67,multiply,USDT,2021-11-27
98,98,1637884800,119.96,101.58,119.25,6186026.04,645414263.64,104.33,multiply,USDT,2021-11-26
99,99,1637798400,130.11,114.44,115.17,7520104.48,896765916.75,119.25,multiply,USDT,2021-11-25
100,100,1637712000,124.67,112.81,123.86,7207044.04,830035262.09,115.17,multiply,USDT,2021-11-24
101,101,1637625600,136.47,121.84,134.96,6488878.71,803712517.02,123.86,multiply,USDT,2021-11-23
102,102,1637539200,145.11,126.4,128.6,10489502.47,1415713917.65,134.96,multiply,USDT,2021-11-22
103,103,1637452800,146.73,123.45,125.93,12355454.36,1588892526.85,128.6,multiply,USDT,2021-11-21
104,104,1637366400,130.05,111.74,112.07,8334389.46,1049514660.26,125.93,multiply,USDT,2021-11-20
105,105,1637280000,112.43,96.01,100.69,6784053.4,760302161.28,112.07,multiply,USDT,2021-11-19
106,106,1637193600,110.35,92.15,107.76,8133274.18,818944175.82,100.69,multiply,USDT,2021-11-18
107,107,1637107200,110.08,91.87,97.84,10980330.86,1183214649.7,107.76,multiply,USDT,2021-11-17
108,108,1637020800,101.89,83.9,93.67,8192884.99,801591867.42,97.84,multiply,USDT,2021-11-16
109,109,1636934400,101.66,92.06,95.4,6245521.03,585017954.88,93.67,multiply,USDT,2021-11-15
110,110,1636848000,99.88,91.68,97.47,5811465.24,554413783.9,95.4,multiply,USDT,2021-11-14
111,111,1636761600,98.54,84.8,84.81,5673997.19,553044506.11,97.47,multiply,USDT,2021-11-13
112,112,1636675200,89.88,81.19,87.89,3605296.22,305765172.42,84.81,multiply,USDT,2021-11-12
113,113,1636588800,89.53,83.75,85.22,3017284.48,265189132.95,87.89,multiply,USDT,2021-11-11
114,114,1636502400,94.02,78.5,88.32,6626728.02,564729761.86,85.22,multiply,USDT,2021-11-10
115,115,1636416000,91.48,87.02,91.16,4040034.34,356815832.91,88.32,multiply,USDT,2021-11-09
116,116,1636329600,96.92,83.74,87.66,11294054.5,1029566008.22,91.16,multiply,USDT,2021-11-08
117,117,1636243200,88.96,78.09,78.77,8100338.38,710055978.57,87.66,multiply,USDT,2021-11-07
118,118,1636156800,78.78,72.42,74.25,3157041.29,248676006.69,78.77,multiply,USDT,2021-11-06
119,119,1636070400,81.1,72.33,79.08,4002562.3,297206981.49,74.25,multiply,USDT,2021-11-05
120,120,1635984000,81.02,74.06,75.56,7613901.97,602099753.89,79.08,multiply,USDT,2021-11-04
121,121,1635897600,75.56,67.12,67.82,7410297.34,559922067.01,75.56,multiply,USDT,2021-11-03
122,122,1635811200,68.1,64.37,64.99,3061486.88,207623151.86,67.82,multiply,USDT,2021-11-02
123,123,1635724800,66.76,62.4,64.53,4502491.11,292639094.52,64.99,multiply,USDT,2021-11-01
124,124,1635638400,64.54,60.18,62.34,2425613.71,156535695.2,64.53,multiply,USDT,2021-10-31
125,125,1635552000,64.93,61.08,64.77,2710209.34,168954450.26,62.34,multiply,USDT,2021-10-30
126,126,1635465600,66.15,63.46,64.33,2722137.97,176312876.32,64.77,multiply,USDT,2021-10-29
127,127,1635379200,64.92,61.49,61.57,4060858.24,261235010.58,64.33,multiply,USDT,2021-10-28
128,128,1635292800,69.83,57.85,68.66,6362850.61,391770319.96,61.57,multiply,USDT,2021-10-27
129,129,1635206400,72.96,67.66,69.74,7012929.06,481507709.26,68.66,multiply,USDT,2021-10-26
130,130,1635120000,69.82,64.37,64.53,4170037.02,290818381.77,69.74,multiply,USDT,2021-10-25
131,131,1635033600,67.56,61.96,65.4,4207724.61,271539389.67,64.53,multiply,USDT,2021-10-24
132,132,1634947200,69.15,64.55,65.52,5505575.54,360064640.32,65.4,multiply,USDT,2021-10-23
133,133,1634860800,68.7,61.36,61.45,9566881.12,626855028.02,65.52,multiply,USDT,2021-10-22
134,134,1634774400,64.35,58.89,59.65,6613875.02,406422619.98,61.45,multiply,USDT,2021-10-21
135,135,1634688000,61.61,56.7,56.8,4693634.6,279975303.89,59.65,multiply,USDT,2021-10-20
136,136,1634601600,58.03,55.13,55.52,3375795.97,191745211.1,56.8,multiply,USDT,2021-10-19
137,137,1634515200,56.46,54.15,56.08,2881501.9,159980985.49,55.52,multiply,USDT,2021-10-18
138,138,1634428800,58.54,53.68,57.62,3877077.91,217426529.19,56.08,multiply,USDT,2021-10-17
139,139,1634342400,61.84,55.7,56.32,6606251.07,380652186.65,57.62,multiply,USDT,2021-10-16
140,140,1634256000,57.19,54.59,56.19,5217715.59,293884527.79,56.32,multiply,USDT,2021-10-15
141,141,1634169600,58.44,54.94,55.01,5040466.19,283223795.22,56.19,multiply,USDT,2021-10-14
142,142,1634083200,57.08,53.26,54.35,6486014.59,356795662.6,55.01,multiply,USDT,2021-10-13
143,143,1633996800,55.3,51.16,55.29,7387813.85,401527682.75,54.35,multiply,USDT,2021-10-12
144,144,1633910400,59.22,53.86,56.53,6010920.23,332343779.52,55.29,multiply,USDT,2021-10-11
145,145,1633824000,60.97,56.19,60.58,4470933.01,252741843.06,56.53,multiply,USDT,2021-10-10
146,146,1633737600,62.01,59.74,60.44,3584397.94,217142827.21,60.58,multiply,USDT,2021-10-09
147,147,1633651200,64.92,59.81,61.5,7347876.72,444105668.96,60.44,multiply,USDT,2021-10-08
148,148,1633564800,62.25,57.48,60.0,8223022.22,505715866.53,61.5,multiply,USDT,2021-10-07
149,149,1633478400,65.73,58.63,64.63,8324833.1,499489986.0,60.0,multiply,USDT,2021-10-06
150,150,1633392000,66.84,62.84,65.24,6620656.92,427923313.14,64.63,multiply,USDT,2021-10-05
151,151,1633305600,68.74,63.99,68.76,8109077.01,529036184.13,65.24,multiply,USDT,2021-10-04
152,152,1633219200,71.67,67.81,69.11,7930738.85,545307214.06,68.76,multiply,USDT,2021-10-03
153,153,1633132800,73.4,65.83,67.67,10855137.54,750198555.39,69.11,multiply,USDT,2021-10-02
154,154,1633046400,69.55,63.22,66.62,10942175.29,740457001.87,67.67,multiply,USDT,2021-10-01
155,155,1632960000,68.73,64.32,65.46,8922903.11,594443805.19,66.62,multiply,USDT,2021-09-30
156,156,1632873600,68.9,61.31,61.51,11772160.83,770605647.93,65.46,multiply,USDT,2021-09-29
157,157,1632787200,69.4,61.14,66.32,8913880.5,548292789.55,61.51,multiply,USDT,2021-09-28
158,158,1632700800,72.59,65.34,66.87,10296320.58,682851980.87,66.32,multiply,USDT,2021-09-27
159,159,1632614400,71.47,61.85,68.36,9877662.87,660487707.6,66.87,multiply,USDT,2021-09-26
160,160,1632528000,72.66,67.63,72.41,9030805.95,617330452.06,68.36,multiply,USDT,2021-09-25
161,161,1632441600,78.78,66.71,76.52,15909817.03,1152067080.11,72.41,multiply,USDT,2021-09-24
162,162,1632355200,79.78,72.92,74.04,17936115.21,1372407683.3,76.52,multiply,USDT,2021-09-23
163,163,1632268800,74.61,57.74,59.02,20126183.95,1490142659.66,74.04,multiply,USDT,2021-09-22
164,164,1632182400,66.19,53.03,57.33,23175810.11,1367836312.69,59.02,multiply,USDT,2021-09-21
165,165,1632096000,70.41,55.21,70.07,22555454.93,1293200452.71,57.33,multiply,USDT,2021-09-20
166,166,1632009600,76.22,66.46,69.01,14900200.06,1044057018.2,70.07,multiply,USDT,2021-09-19
167,167,1631923200,75.5,67.19,70.06,16697897.86,1152321931.32,69.01,multiply,USDT,2021-09-18
168,168,1631836800,70.84,60.64,67.57,18228452.03,1277085349.22,70.06,multiply,USDT,2021-09-17
169,169,1631750400,68.28,57.19,57.88,25948113.68,1753314041.36,67.57,multiply,USDT,2021-09-16
170,170,1631664000,58.14,50.33,51.54,11715214.82,678076633.78,57.88,multiply,USDT,2021-09-15
171,171,1631577600,57.5,49.09,53.15,14307483.33,737407690.83,51.54,multiply,USDT,2021-09-14
172,172,1631491200,60.87,47.76,59.27,26854542.05,1427318909.96,53.15,multiply,USDT,2021-09-13
173,173,1631404800,64.97,53.67,57.05,27066133.31,1604209721.28,59.27,multiply,USDT,2021-09-12
174,174,1631318400,59.11,48.19,49.36,27642833.31,1577023640.34,57.05,multiply,USDT,2021-09-11
175,175,1631232000,49.67,40.45,40.74,28136347.06,1388810090.88,49.36,multiply,USDT,2021-09-10
176,176,1631145600,44.59,36.26,37.01,18223381.6,742420566.38,40.74,multiply,USDT,2021-09-09
177,177,1631059200,39.48,33.14,37.86,12426732.74,459913378.71,37.01,multiply,USDT,2021-09-08
178,178,1630972800,47.18,32.3,47.09,18262466.0,691416962.76,37.86,multiply,USDT,2021-09-07
179,179,1630886400,51.33,44.28,48.15,13566502.88,638846620.62,47.09,multiply,USDT,2021-09-06
180,180,1630800000,49.38,45.44,47.19,9986378.17,480844108.89,48.15,multiply,USDT,2021-09-05
181,181,1630713600,49.82,44.1,45.9,10849431.34,511984664.93,47.19,multiply,USDT,2021-09-04
182,182,1630627200,51.61,44.74,47.61,15305650.48,702529357.03,45.9,multiply,USDT,2021-09-03
183,183,1630540800,47.94,41.05,42.49,11327649.64,539309399.36,47.61,multiply,USDT,2021-09-02
184,184,1630454400,45.65,38.56,39.5,13925134.54,591678966.6,42.49,multiply,USDT,2021-09-01
185,185,1630368000,44.19,38.33,41.4,11985903.31,473443180.75,39.5,multiply,USDT,2021-08-31
186,186,1630281600,48.31,40.99,47.45,11383764.89,471287866.45,41.4,multiply,USDT,2021-08-30
187,187,1630195200,52.46,46.73,50.23,9232891.41,438076691.89,47.45,multiply,USDT,2021-08-29
188,188,1630108800,51.83,46.18,50.17,12923296.06,649139487.29,50.23,multiply,USDT,2021-08-28
189,189,1630022400,50.48,40.37,41.35,19796770.96,993206374.68,50.17,multiply,USDT,2021-08-27
190,190,1629936000,48.45,41.23,46.24,16627460.36,687545485.89,41.35,multiply,USDT,2021-08-26
191,191,1629849600,57.46,45.66,55.54,18102990.66,837082288.12,46.24,multiply,USDT,2021-08-25
192,192,1629763200,58.96,44.19,46.43,22945754.38,1274407198.27,55.54,multiply,USDT,2021-08-24
193,193,1629676800,52.98,43.66,43.73,18244407.48,847087839.3,46.43,multiply,USDT,2021-08-23
194,194,1629590400,45.06,40.65,43.76,15364109.18,671929188.0,43.73,multiply,USDT,2021-08-22
195,195,1629504000,50.29,37.73,39.14,22160429.8,969822844.85,43.76,multiply,USDT,2021-08-21
196,196,1629417600,39.22,29.99,30.7,12609625.1,493540726.41,39.14,multiply,USDT,2021-08-20
197,197,1629331200,33.74,28.79,29.98,21145712.62,649173377.43,30.7,multiply,USDT,2021-08-19
198,198,1629244800,30.83,21.49,23.45,23717523.32,711051349.13,29.98,multiply,USDT,2021-08-18
199,199,1629158400,25.44,18.48,19.08,17996957.05,422028642.82,23.45,multiply,USDT,2021-08-17
200,200,1629072000,21.12,18.47,18.78,7183220.45,137055846.19,19.08,multiply,USDT,2021-08-16
201,201,1628985600,18.86,17.15,18.11,2803496.75,52646192.63,18.78,multiply,USDT,2021-08-15
202,202,1628899200,18.44,17.2,18.04,2856927.33,51733497.22,18.11,multiply,USDT,2021-08-14
203,203,1628812800,18.28,16.4,16.58,2269154.06,40935539.24,18.04,multiply,USDT,2021-08-13
204,204,1628726400,16.62,15.45,16.6,1464463.7,24280808.15,16.58,multiply,USDT,2021-08-12
205,205,1628640000,17.54,16.38,16.43,3764166.78,62899226.89,16.71,multiply,USDT,2021-08-11
206,206,1628553600,17.18,15.81,16.17,4223113.19,69385749.71,16.43,multiply,USDT,2021-08-10
207,207,1628467200,16.73,14.43,14.82,4943513.55,79936614.1,16.17,multiply,USDT,2021-08-09
208,208,1628380800,16.09,14.57,15.83,2735700.23,40543077.41,14.82,multiply,USDT,2021-08-08
209,209,1628294400,15.94,14.62,14.76,4603881.56,72879445.09,15.83,multiply,USDT,2021-08-07
210,210,1628208000,14.97,13.39,13.84,3939711.77,58150145.73,14.76,multiply,USDT,2021-08-06
211,211,1628121600,13.98,12.87,13.7,2663299.6,36860066.46,13.84,multiply,USDT,2021-08-05
212,212,1628035200,13.78,12.41,12.56,2477905.03,33947298.91,13.7,multiply,USDT,2021-08-04
213,213,1627948800,13.51,12.33,12.99,2511638.18,31546175.54,12.56,multiply,USDT,2021-08-03
214,214,1627862400,13.37,12.62,12.86,1959765.97,25457359.95,12.99,multiply,USDT,2021-08-02
215,215,1627776000,14.09,12.7,13.52,3867957.88,49752962.02,12.86,multiply,USDT,2021-08-01
216,216,1627689600,13.63,12.59,12.98,2596361.93,35102813.29,13.52,multiply,USDT,2021-07-31
217,217,1627603200,13.0,11.94,12.43,2584536.96,33547289.74,12.98,multiply,USDT,2021-07-30
218,218,1627516800,12.64,11.98,12.32,3075656.75,38230413.4,12.43,multiply,USDT,2021-07-29
219,219,1627430400,12.48,11.69,11.92,3016383.85,37161849.03,12.32,multiply,USDT,2021-07-28
220,220,1627344000,12.34,11.18,11.46,2072293.95,24701743.88,11.92,multiply,USDT,2021-07-27
221,221,1627257600,12.69,11.22,11.25,3478270.86,39860984.06,11.46,multiply,USDT,2021-07-26
222,222,1627171200,11.34,10.78,11.15,1273852.73,14332422.79,11.25,multiply,USDT,2021-07-25
223,223,1627084800,11.45,10.97,11.08,1749496.6,19508881.52,11.15,multiply,USDT,2021-07-24
224,224,1626998400,11.17,10.53,10.83,1508698.01,16716373.95,11.08,multiply,USDT,2021-07-23
225,225,1626912000,10.96,10.24,10.43,1812366.18,19627925.73,10.83,multiply,USDT,2021-07-22
226,226,1626825600,10.74,9.48,9.635,2073979.28,21631603.89,10.43,multiply,USDT,2021-07-21
227,227,1626739200,10.36,9.331,10.18,1639525.68,15796829.93,9.635,multiply,USDT,2021-07-20
228,228,1626652800,10.75,10.03,10.7,1291714.08,13149649.33,10.18,multiply,USDT,2021-07-19
229,229,1626566400,11.28,10.69,10.96,1314615.19,14067289.62,10.7,multiply,USDT,2021-07-18
230,230,1626480000,11.15,10.73,10.83,1247451.49,13673253.41,10.96,multiply,USDT,2021-07-17
231,231,1626393600,11.83,10.81,11.38,1799903.94,19494435.59,10.83,multiply,USDT,2021-07-16
232,232,1626307200,12.1,11.13,11.79,1617700.11,18409427.25,11.38,multiply,USDT,2021-07-15
233,233,1626220800,12.1,11.12,11.91,1963627.67,23151170.23,11.79,multiply,USDT,2021-07-14
234,234,1626134400,12.44,11.75,12.16,1971664.37,23482522.65,11.91,multiply,USDT,2021-07-13
235,235,1626048000,12.84,11.71,12.43,2217852.79,26963696.11,12.16,multiply,USDT,2021-07-12
236,236,1625961600,12.49,11.92,12.02,1198604.85,14898658.29,12.43,multiply,USDT,2021-07-11
237,237,1625875200,12.85,11.84,12.55,1565244.42,18812356.5,12.02,multiply,USDT,2021-07-10
238,238,1625788800,12.86,11.63,12.1,2797482.86,35115302.89,12.55,multiply,USDT,2021-07-09
239,239,1625702400,13.1,11.84,13.1,3023054.85,36564332.1,12.1,multiply,USDT,2021-07-08
240,240,1625616000,14.17,13.04,13.37,4144761.35,54296373.69,13.1,multiply,USDT,2021-07-07
241,241,1625529600,14.22,12.03,12.04,5055032.09,67585779.04,13.37,multiply,USDT,2021-07-06
242,242,1625443200,12.43,11.56,12.35,3007753.71,36213354.67,12.04,multiply,USDT,2021-07-05
243,243,1625356800,12.89,11.21,11.5,2777456.79,34301591.36,12.35,multiply,USDT,2021-07-04
244,244,1625270400,11.67,10.88,11.12,1468742.06,16890533.69,11.5,multiply,USDT,2021-07-03
245,245,1625184000,11.35,10.57,11.19,2095352.32,23300317.8,11.12,multiply,USDT,2021-07-02
246,246,1625097600,12.07,11.0,11.95,1525369.18,17068881.12,11.19,multiply,USDT,2021-07-01
247,247,1625011200,12.12,11.04,11.92,2445677.78,29225849.47,11.95,multiply,USDT,2021-06-30
248,248,1624924800,12.34,11.09,11.33,2870565.37,34217139.21,11.92,multiply,USDT,2021-06-29
249,249,1624838400,11.46,10.72,10.95,2127139.03,24100485.21,11.33,multiply,USDT,2021-06-28
250,250,1624752000,10.99,10.1,10.32,1565586.78,17144646.89,10.95,multiply,USDT,2021-06-27
251,251,1624665600,10.61,9.802,10.24,2321608.46,23959719.01,10.32,multiply,USDT,2021-06-26
252,252,1624579200,11.75,10.2,11.49,2801928.88,28686013.38,10.24,multiply,USDT,2021-06-25
253,253,1624492800,11.75,10.83,11.46,2593412.87,29798313.88,11.49,multiply,USDT,2021-06-24
254,254,1624406400,11.87,10.15,10.58,3902821.57,44726335.19,11.46,multiply,USDT,2021-06-23
255,255,1624320000,11.77,9.354,11.21,5416766.71,57312479.35,10.58,multiply,USDT,2021-06-22
256,256,1624233600,14.07,11.1,13.93,3778448.49,42360941.71,11.21,multiply,USDT,2021-06-21
257,257,1624147200,14.19,12.81,13.39,2417692.35,33687931.79,13.93,multiply,USDT,2021-06-20
258,258,1624060800,14.04,13.22,13.63,1496351.41,20041203.05,13.39,multiply,USDT,2021-06-19
259,259,1623974400,15.31,13.12,14.85,3399113.01,46342215.12,13.63,multiply,USDT,2021-06-18
260,260,1623888000,15.48,14.03,14.07,4128170.29,61303328.81,14.85,multiply,USDT,2021-06-17
261,261,1623801600,14.93,13.92,14.72,3292648.55,46322932.34,14.07,multiply,USDT,2021-06-16
262,262,1623715200,15.59,14.61,15.11,3391954.8,49929574.66,14.72,multiply,USDT,2021-06-15
263,263,1623628800,15.4,14.38,14.75,3668832.08,55436052.73,15.11,multiply,USDT,2021-06-14
264,264,1623542400,14.99,13.25,13.54,3857227.25,56894101.94,14.75,multiply,USDT,2021-06-13
265,265,1623456000,13.91,12.65,13.41,3558118.53,48176924.9,13.54,multiply,USDT,2021-06-12
266,266,1623369600,14.6,13.15,14.19,3313249.29,44430672.98,13.41,multiply,USDT,2021-06-11
267,267,1623283200,15.57,13.75,15.39,3571870.58,50684843.53,14.19,multiply,USDT,2021-06-10
268,268,1623196800,15.75,13.66,14.81,4087700.86,62909716.24,15.39,multiply,USDT,2021-06-09
269,269,1623110400,16.06,13.68,15.55,5230115.05,77483108.44,14.81,multiply,USDT,2021-06-08
270,270,1623024000,18.04,15.32,17.38,5058152.08,78654264.84,15.55,multiply,USDT,2021-06-07
271,271,1622937600,17.99,17.09,17.22,1631309.17,28352153.37,17.38,multiply,USDT,2021-06-06
272,272,1622851200,19.13,16.89,18.26,3347055.63,57636297.95,17.22,multiply,USDT,2021-06-05
273,273,1622764800,20.56,17.45,20.27,3655489.8,66742810.09,18.26,multiply,USDT,2021-06-04
274,274,1622678400,20.69,18.23,18.69,3391266.79,68740977.83,20.27,multiply,USDT,2021-06-03
275,275,1622592000,19.36,17.16,17.76,3331703.71,62269542.34,18.69,multiply,USDT,2021-06-02
276,276,1622505600,18.57,17.09,18.15,2753377.67,48895097.42,17.76,multiply,USDT,2021-06-01
277,277,1622419200,18.18,15.7,16.53,2879053.02,52254812.31,18.15,multiply,USDT,2021-05-31
278,278,1622332800,17.44,15.16,16.17,2358693.89,38981412.16,16.53,multiply,USDT,2021-05-30
279,279,1622246400,17.59,15.18,16.72,2837628.81,45884457.86,16.17,multiply,USDT,2021-05-29
280,280,1622160000,19.54,16.02,19.08,4584821.31,76658212.3,16.72,multiply,USDT,2021-05-28
281,281,1622073600,21.2,18.79,20.81,4113561.86,78482893.54,19.08,multiply,USDT,2021-05-27
282,282,1621987200,21.45,18.99,19.48,5963185.3,124098597.01,20.81,multiply,USDT,2021-05-26
283,283,1621900800,20.25,17.12,19.4,5223255.56,101746197.75,19.48,multiply,USDT,2021-05-25
284,284,1621814400,20.51,15.07,15.63,6524445.92,126570205.69,19.4,multiply,USDT,2021-05-24
285,285,1621728000,19.69,12.14,18.85,7980496.38,124744735.02,15.63,multiply,USDT,2021-05-23
286,286,1621641600,22.44,18.35,21.86,4001222.34,75413518.2,18.85,multiply,USDT,2021-05-22
287,287,1621555200,26.75,18.43,25.11,5630953.23,123113134.28,21.86,multiply,USDT,2021-05-21
288,288,1621468800,28.23,20.93,23.2,6867484.01,172443347.59,25.11,multiply,USDT,2021-05-20
289,289,1621382400,38.52,18.5,36.96,8405393.02,194974018.11,23.2,multiply,USDT,2021-05-19
290,290,1621296000,37.69,33.32,33.65,6994607.01,258499131.7,36.96,multiply,USDT,2021-05-18
291,291,1621209600,37.82,32.6,36.19,5719204.81,192451241.86,33.65,multiply,USDT,2021-05-17
292,292,1621123200,39.72,32.72,34.49,9104393.11,329508380.49,36.19,multiply,USDT,2021-05-16
293,293,1621036800,39.96,34.19,37.02,9381696.35,323616549.48,34.49,multiply,USDT,2021-05-15
294,294,1620950400,38.02,33.32,35.06,4079670.14,151017067.98,37.02,multiply,USDT,2021-05-14
295,295,1620864000,37.16,31.05,32.97,6659717.34,233489689.94,35.06,multiply,USDT,2021-05-13
296,296,1620777600,41.44,32.88,36.81,9389311.47,309534642.61,32.97,multiply,USDT,2021-05-12
297,297,1620691200,37.33,32.61,34.71,4531672.37,166796222.64,36.81,multiply,USDT,2021-05-11
298,298,1620604800,41.83,30.64,38.98,6953952.94,241404251.05,34.71,multiply,USDT,2021-05-10
299,299,1620518400,39.46,35.11,38.39,3917716.04,152708418.46,38.98,multiply,USDT,2021-05-09
300,300,1620432000,39.82,37.24,37.92,4664659.67,179068588.04,38.39,multiply,USDT,2021-05-08
301,301,1620345600,43.87,36.04,38.05,9551154.1,362159515.03,37.92,multiply,USDT,2021-05-07
302,302,1620259200,39.36,34.75,35.32,7054805.37,268421305.27,38.05,multiply,USDT,2021-05-06
303,303,1620172800,35.64,29.91,30.42,3944647.98,139306347.92,35.32,multiply,USDT,2021-05-05
304,304,1620086400,36.21,29.61,35.86,6490039.94,197429546.09,30.42,multiply,USDT,2021-05-04
305,305,1620000000,37.25,31.17,31.29,9847087.06,353116541.97,35.86,multiply,USDT,2021-05-03
306,306,1619913600,32.66,30.5,31.81,4490297.79,140501417.85,31.29,multiply,USDT,2021-05-02
307,307,1619827200,35.64,31.75,32.81,7223123.71,229767565.22,31.81,multiply,USDT,2021-05-01
308,308,1619740800,32.99,27.52,27.91,6716954.9,220383290.27,32.81,multiply,USDT,2021-04-30
309,309,1619654400,29.72,26.64,28.27,4479341.65,125018425.45,27.91,multiply,USDT,2021-04-29
310,310,1619568000,29.09,25.9,27.97,4974605.41,140623339.64,28.27,multiply,USDT,2021-04-28
311,311,1619481600,28.01,25.77,26.48,4510126.92,126138959.09,27.97,multiply,USDT,2021-04-27
312,312,1619395200,26.52,21.42,21.64,5708466.47,151139927.07,26.48,multiply,USDT,2021-04-26
313,313,1619308800,23.74,20.47,21.86,3333251.14,72136954.54,21.64,multiply,USDT,2021-04-25
314,314,1619222400,23.95,21.5,23.56,4409808.24,96406522.17,21.86,multiply,USDT,2021-04-24
315,315,1619136000,26.35,19.87,24.01,6571734.89,154853337.95,23.56,multiply,USDT,2021-04-23
316,316,1619049600,27.72,23.27,25.81,6521745.41,156587107.29,24.01,multiply,USDT,2021-04-22
317,317,1618963200,28.44,25.78,27.46,5438241.8,140361020.86,25.81,multiply,USDT,2021-04-21
318,318,1618876800,28.78,23.9,26.19,6403634.63,175827349.6,27.46,multiply,USDT,2021-04-20
319,319,1618790400,30.56,25.76,29.36,5780503.38,151369186.39,26.19,multiply,USDT,2021-04-19
320,320,1618704000,34.3,23.31,33.96,8091096.62,237549175.73,29.36,multiply,USDT,2021-04-18
321,321,1618617600,36.86,33.51,35.48,4386696.17,148972201.93,33.96,multiply,USDT,2021-04-17
322,322,1618531200,37.56,33.3,37.03,5898665.51,209257754.38,35.48,multiply,USDT,2021-04-16
323,323,1618444800,40.77,36.28,38.33,7855733.63,290874170.56,37.03,multiply,USDT,2021-04-15
324,324,1618358400,39.39,32.93,33.65,12746571.01,488605791.82,38.33,multiply,USDT,2021-04-14
325,325,1618272000,34.86,31.7,33.81,5196684.83,174884892.04,33.65,multiply,USDT,2021-04-13
326,326,1618185600,35.61,31.29,31.58,6785926.5,229409231.75,33.81,multiply,USDT,2021-04-12
327,327,1618099200,32.32,30.93,31.8,3263727.15,103068503.4,31.58,multiply,USDT,2021-04-11
328,328,1618012800,33.94,30.89,31.5,5490149.65,174586758.87,31.8,multiply,USDT,2021-04-10
329,329,1617926400,32.45,30.31,30.74,4288836.4,135114206.72,31.5,multiply,USDT,2021-04-09
330,330,1617840000,31.58,29.24,29.5,3003390.36,92324219.67,30.74,multiply,USDT,2021-04-08
331,331,1617753600,33.26,28.63,31.49,5340687.65,157534530.65,29.5,multiply,USDT,2021-04-07
332,332,1617667200,34.55,30.51,31.26,6381326.32,200947965.82,31.49,multiply,USDT,2021-04-06
333,333,1617580800,32.97,28.57,29.17,6623672.46,207056001.1,31.26,multiply,USDT,2021-04-05
334,334,1617494400,29.9,27.59,28.17,2997380.35,87433584.81,29.17,multiply,USDT,2021-04-04
335,335,1617408000,32.85,27.92,29.03,6563523.39,184875964.45,28.17,multiply,USDT,2021-04-03
336,336,1617321600,29.58,27.96,28.26,2630961.23,76369166.83,29.03,multiply,USDT,2021-04-02
337,337,1617235200,29.34,27.73,28.73,2853939.61,80664736.6,28.26,multiply,USDT,2021-04-01
338,338,1617148800,29.94,26.63,29.64,3493017.48,100354392.2,28.73,multiply,USDT,2021-03-31
339,339,1617062400,30.9,28.82,29.54,3440508.66,101975334.88,29.64,multiply,USDT,2021-03-30
340,340,1616976000,30.35,28.21,28.72,3542752.11,104652897.33,29.54,multiply,USDT,2021-03-29
341,341,1616889600,29.52,27.21,27.63,3959347.73,113729309.87,28.72,multiply,USDT,2021-03-28
342,342,1616803200,28.64,26.82,28.27,3093548.13,85474734.83,27.63,multiply,USDT,2021-03-27
343,343,1616716800,28.87,25.79,25.82,3843415.46,108653355.05,28.27,multiply,USDT,2021-03-26
344,344,1616630400,27.5,24.37,25.88,4775174.12,123294995.78,25.82,multiply,USDT,2021-03-25
345,345,1616544000,30.46,24.99,28.48,5313941.33,137524801.62,25.88,multiply,USDT,2021-03-24
346,346,1616457600,30.87,28.14,29.2,4089753.9,116476191.07,28.48,multiply,USDT,2021-03-23
347,347,1616371200,33.58,28.7,32.81,5044983.73,147313524.92,29.2,multiply,USDT,2021-03-22
348,348,1616284800,35.44,32.03,34.18,4897852.52,160698541.18,32.81,multiply,USDT,2021-03-21
349,349,1616198400,39.26,34.16,37.36,4583501.52,156678574.99,34.18,multiply,USDT,2021-03-20
350,350,1616112000,38.46,31.41,33.21,7919943.47,295889088.04,37.36,multiply,USDT,2021-03-19
351,351,1616025600,35.59,31.86,32.66,6614259.14,219681743.49,33.21,multiply,USDT,2021-03-18
352,352,1615939200,33.91,30.72,33.03,6518936.81,212932335.52,32.66,multiply,USDT,2021-03-17
353,353,1615852800,33.24,27.57,28.93,6796163.99,224477296.59,33.03,multiply,USDT,2021-03-16
354,354,1615766400,30.62,27.09,28.96,5891168.45,170431503.26,28.93,multiply,USDT,2021-03-15
355,355,1615680000,32.27,28.94,30.89,5249681.49,152052856.11,28.96,multiply,USDT,2021-03-14
356,356,1615593600,33.21,26.94,27.96,7827755.61,241775190.86,30.89,multiply,USDT,2021-03-13
357,357,1615507200,31.56,26.88,30.81,7077502.64,197886973.81,27.96,multiply,USDT,2021-03-12
358,358,1615420800,32.85,28.45,29.63,9043532.48,278638289.66,30.81,multiply,USDT,2021-03-11
359,359,1615334400,35.79,28.78,34.38,13536533.59,401082075.66,29.63,multiply,USDT,2021-03-10
360,360,1615248000,34.77,23.62,25.61,17220428.82,592113251.7,34.38,multiply,USDT,2021-03-09
361,361,1615161600,27.1,25.04,26.66,4004422.66,102553264.32,25.61,multiply,USDT,2021-03-08
362,362,1615075200,27.94,24.9,24.9,5507400.14,146827287.73,26.66,multiply,USDT,2021-03-07
363,363,1614988800,25.49,23.85,24.33,2763335.4,68807051.46,24.9,multiply,USDT,2021-03-06
364,364,1614902400,25.8,23.57,25.76,4396855.31,106994440.14,24.33,multiply,USDT,2021-03-05
365,365,1614816000,28.81,24.25,27.23,5544826.42,142834728.58,25.76,multiply,USDT,2021-03-04
366,366,1614729600,29.42,26.55,27.14,5268002.92,143447719.51,27.23,multiply,USDT,2021-03-03
367,367,1614643200,31.88,25.93,27.46,9147766.21,248243937.9,27.14,multiply,USDT,2021-03-02
368,368,1614556800,27.81,23.62,23.99,4132095.9,113467353.41,27.46,multiply,USDT,2021-03-01
369,369,1614470400,25.97,22.21,25.81,3288899.25,78893720.54,23.99,multiply,USDT,2021-02-28
370,370,1614384000,27.5,25.09,25.97,3022884.15,78007883.34,25.81,multiply,USDT,2021-02-27
371,371,1614297600,28.05,24.93,26.78,3389862.39,88051011.17,25.97,multiply,USDT,2021-02-26
372,372,1614211200,32.22,26.53,29.82,4366376.96,116917384.26,26.78,multiply,USDT,2021-02-25
373,373,1614124800,32.25,25.33,27.59,5763249.09,171858877.58,29.82,multiply,USDT,2021-02-24
374,374,1614038400,32.35,23.56,32.26,6201403.99,171096736.08,27.59,multiply,USDT,2021-02-23
375,375,1613952000,36.27,26.63,36.17,4954385.05,159828461.71,32.26,multiply,USDT,2021-02-22
376,376,1613865600,37.98,34.89,36.03,2811793.05,101702554.62,36.17,multiply,USDT,2021-02-21
377,377,1613779200,42.81,32.62,38.77,5774220.38,208061281.91,36.03,multiply,USDT,2021-02-20
378,378,1613692800,41.26,37.59,41.0,3647597.36,141417349.65,38.77,multiply,USDT,2021-02-19
379,379,1613606400,43.68,35.82,36.92,4238098.19,173762025.79,41.0,multiply,USDT,2021-02-18
380,380,1613520000,41.31,34.06,36.34,4615055.39,170387845.0,36.92,multiply,USDT,2021-02-17
381,381,1613433600,39.54,34.95,38.09,3965027.19,144089088.08,36.34,multiply,USDT,2021-02-16
382,382,1613347200,43.89,33.56,38.45,5400256.72,205695778.46,38.09,multiply,USDT,2021-02-15
383,383,1613260800,44.03,38.01,43.14,4075324.9,156689762.64,38.45,multiply,USDT,2021-02-14
384,384,1613174400,51.87,43.01,48.44,3067406.69,132337433.57,43.14,multiply,USDT,2021-02-13
385,385,1613088000,54.56,43.64,46.99,5514088.31,267084130.96,48.44,multiply,USDT,2021-02-12
386,386,1613001600,56.4,41.76,54.97,6416889.09,301529618.34,46.99,multiply,USDT,2021-02-11
387,387,1612915200,60.22,31.4,31.7,15396266.05,846408494.4,54.97,multiply,USDT,2021-02-10
388,388,1612828800,33.03,27.52,30.15,4666323.75,147930255.64,31.7,multiply,USDT,2021-02-09
389,389,1612742400,33.78,23.64,23.79,9868639.34,297540660.34,30.15,multiply,USDT,2021-02-08
390,390,1612656000,24.43,17.95,18.07,8311394.83,197759416.96,23.79,multiply,USDT,2021-02-07
391,391,1612569600,18.61,15.92,17.89,2982376.02,53885719.05,18.07,multiply,USDT,2021-02-06
392,392,1612483200,18.03,15.13,15.32,3246657.9,58082709.83,17.89,multiply,USDT,2021-02-05
393,393,1612396800,15.89,13.92,14.85,3300660.63,50550607.75,15.32,multiply,USDT,2021-02-04
394,394,1612310400,14.95,13.22,13.5,2475741.94,36776750.4,14.85,multiply,USDT,2021-02-03
395,395,1612224000,13.7,12.81,13.23,1549926.56,20919265.78,13.5,multiply,USDT,2021-02-02
396,396,1612137600,13.62,12.59,13.49,3522851.61,46618670.38,13.23,multiply,USDT,2021-02-01
397,397,1612051200,15.36,11.85,12.06,9093494.63,122702887.92,13.49,multiply,USDT,2021-01-31
398,398,1611964800,12.66,11.31,11.62,2280159.7,27503400.31,12.06,multiply,USDT,2021-01-30
399,399,1611878400,12.67,11.37,11.98,2912151.35,33839198.69,11.62,multiply,USDT,2021-01-29
400,400,1611792000,12.78,10.84,11.17,2192104.73,26270007.72,11.98,multiply,USDT,2021-01-28
401,401,1611705600,12.22,10.81,12.19,1612691.31,18017471.12,11.17,multiply,USDT,2021-01-27
402,402,1611619200,12.72,11.41,12.18,1783702.98,21747227.8,12.19,multiply,USDT,2021-01-26
403,403,1611532800,12.95,12.07,12.49,1367567.1,16655301.58,12.18,multiply,USDT,2021-01-25
404,404,1611446400,13.2,12.23,12.89,1910345.93,23869657.77,12.49,multiply,USDT,2021-01-24
405,405,1611360000,13.49,12.53,12.73,2556113.94,32955670.29,12.89,multiply,USDT,2021-01-23
406,406,1611273600,13.39,10.7,11.33,4444889.34,56595531.4,12.73,multiply,USDT,2021-01-22
407,407,1611187200,12.99,11.09,12.38,3308751.04,37480651.65,11.33,multiply,USDT,2021-01-21
408,408,1611100800,13.04,11.04,11.76,3140025.03,38880951.73,12.38,multiply,USDT,2021-01-20
409,409,1611014400,13.37,11.59,12.7,3520208.17,41397648.08,11.76,multiply,USDT,2021-01-19
410,410,1610928000,13.85,12.6,13.18,2587664.86,32870304.54,12.7,multiply,USDT,2021-01-18
411,411,1610841600,14.55,12.34,12.83,6882662.08,90713486.21,13.18,multiply,USDT,2021-01-17
412,412,1610755200,13.47,9.165,9.392,7381717.2,94707431.68,12.83,multiply,USDT,2021-01-16
413,413,1610668800,9.881,8.601,9.319,3889676.62,36532314.24,9.392,multiply,USDT,2021-01-15
414,414,1610582400,9.565,8.208,8.466,4993235.37,46530322.63,9.319,multiply,USDT,2021-01-14
415,415,1610496000,8.497,7.15,7.737,3597569.39,30457022.46,8.466,multiply,USDT,2021-01-13
416,416,1610409600,8.238,6.43,6.472,6292624.99,48684334.25,7.737,multiply,USDT,2021-01-12
417,417,1610323200,7.003,5.747,6.551,4318571.97,27951810.24,6.472,multiply,USDT,2021-01-11
418,418,1610236800,7.498,6.156,7.223,3859332.27,25282485.7,6.551,multiply,USDT,2021-01-10
419,419,1610150400,7.491,5.608,5.735,8218197.23,59356775.97,7.223,multiply,USDT,2021-01-09
420,420,1610064000,5.863,4.036,4.47,5984563.58,34321472.13,5.735,multiply,USDT,2021-01-08
421,421,1609977600,4.817,4.197,4.58,2899724.59,12961768.92,4.47,multiply,USDT,2021-01-07
422,422,1609891200,4.974,4.143,4.262,5502796.17,25200467.77,4.58,multiply,USDT,2021-01-06
423,423,1609804800,4.363,3.489,3.602,5122630.82,21830121.98,4.262,multiply,USDT,2021-01-05
424,424,1609718400,3.831,3.259,3.475,2629450.78,9471281.71,3.602,multiply,USDT,2021-01-04
425,425,1609632000,3.827,3.396,3.496,2325172.64,8079974.92,3.475,multiply,USDT,2021-01-03
426,426,1609545600,3.941,3.291,3.666,3237786.95,11319303.18,3.496,multiply,USDT,2021-01-02
427,427,1609459200,3.934,3.05,3.205,5349024.4,19611224.44,3.666,multiply,USDT,2021-01-01
428,428,1609372800,3.266,2.793,2.919,1721845.26,5518861.87,3.205,multiply,USDT,2020-12-31
429,429,1609286400,2.941,2.837,2.923,700881.03,2045871.73,2.919,multiply,USDT,2020-12-30
430,430,1609200000,3.004,2.832,2.954,1515916.15,4431500.72,2.923,multiply,USDT,2020-12-29
431,431,1609113600,3.045,2.865,2.9,1859434.44,5492506.78,2.954,multiply,USDT,2020-12-28
432,432,1609027200,3.069,2.841,2.913,1261612.22,3658065.32,2.9,multiply,USDT,2020-12-27
433,433,1608940800,2.989,2.846,2.951,1051275.93,3062714.97,2.913,multiply,USDT,2020-12-26
434,434,1608854400,3.126,2.845,3.103,1717928.5,5069607.0,2.951,multiply,USDT,2020-12-25
435,435,1608768000,3.111,2.787,2.946,1865000.22,5787095.68,3.103,multiply,USDT,2020-12-24
436,436,1608681600,3.666,2.765,3.078,5454685.7,16069157.15,2.946,multiply,USDT,2020-12-23
437,437,1608595200,3.131,2.924,3.088,1062345.54,3269653.53,3.078,multiply,USDT,2020-12-22
438,438,1608508800,3.352,2.995,3.305,1779994.29,5497302.68,3.088,multiply,USDT,2020-12-21
439,439,1608422400,3.494,3.28,3.464,907048.29,2997502.17,3.305,multiply,USDT,2020-12-20
440,440,1608336000,3.607,3.38,3.411,1058058.62,3665115.06,3.464,multiply,USDT,2020-12-19
441,441,1608249600,3.475,3.148,3.209,1315937.08,4489198.28,3.411,multiply,USDT,2020-12-18
442,442,1608163200,3.375,3.187,3.342,1346476.45,4321324.97,3.209,multiply,USDT,2020-12-17
443,443,1608076800,3.376,3.147,3.302,1132263.92,3783647.62,3.342,multiply,USDT,2020-12-16
444,444,1607990400,3.461,3.064,3.142,1549496.03,5116899.19,3.302,multiply,USDT,2020-12-15
445,445,1607904000,3.341,3.137,3.34,2308277.54,7251882.77,3.142,multiply,USDT,2020-12-14
446,446,1607817600,3.416,3.283,3.338,1450808.76,4845701.26,3.34,multiply,USDT,2020-12-13
447,447,1607731200,3.454,3.238,3.24,1553728.56,5186866.43,3.338,multiply,USDT,2020-12-12
448,448,1607644800,3.303,3.016,3.148,1583371.97,5130125.18,3.24,multiply,USDT,2020-12-11
449,449,1607558400,3.348,3.065,3.261,2196781.92,6915469.48,3.148,multiply,USDT,2020-12-10
450,450,1607472000,3.414,2.788,3.116,2731312.81,8906811.07,3.261,multiply,USDT,2020-12-09
451,451,1607385600,3.39,3.091,3.391,1612090.22,5023377.75,3.116,multiply,USDT,2020-12-08
452,452,1607299200,3.612,3.322,3.608,585055.5,1984150.2,3.391,multiply,USDT,2020-12-07
453,453,1607212800,3.677,3.513,3.642,384119.37,1385750.58,3.608,multiply,USDT,2020-12-06
454,454,1607126400,3.72,3.514,3.537,364237.63,1326421.59,3.642,multiply,USDT,2020-12-05
455,455,1607040000,3.859,3.513,3.818,575173.87,2034389.98,3.537,multiply,USDT,2020-12-04
456,456,1606953600,3.897,3.718,3.742,459385.26,1753847.48,3.818,multiply,USDT,2020-12-03
457,457,1606867200,3.845,3.513,3.563,506452.24,1895011.59,3.742,multiply,USDT,2020-12-02
458,458,1606780800,3.814,3.462,3.702,792044.04,2821703.62,3.563,multiply,USDT,2020-12-01
459,459,1606694400,3.816,3.648,3.705,530745.71,1964820.62,3.702,multiply,USDT,2020-11-30
460,460,1606608000,3.766,3.537,3.631,414026.94,1533846.02,3.705,multiply,USDT,2020-11-29
461,461,1606521600,3.7,3.478,3.594,468573.5,1701215.6,3.631,multiply,USDT,2020-11-28
462,462,1606435200,3.761,3.427,3.537,707149.51,2541205.41,3.594,multiply,USDT,2020-11-27
463,463,1606348800,4.091,3.309,4.046,1709956.42,6048218.45,3.537,multiply,USDT,2020-11-26
464,464,1606262400,4.398,3.911,4.25,1194239.28,4831892.13,4.046,multiply,USDT,2020-11-25
465,465,1606176000,4.33,3.868,4.071,1370092.62,5823303.57,4.25,multiply,USDT,2020-11-24
466,466,1606089600,4.248,3.854,3.887,979047.14,3985302.34,4.071,multiply,USDT,2020-11-23
467,467,1606003200,4.051,3.709,4.015,814296.23,3165258.2,3.887,multiply,USDT,2020-11-22
468,468,1605916800,4.085,3.665,3.714,855997.48,3436802.92,4.015,multiply,USDT,2020-11-21
469,469,1605830400,4.002,3.624,3.642,1102460.58,4094538.59,3.714,multiply,USDT,2020-11-20
470,470,1605744000,3.827,3.567,3.744,535111.75,1948683.28,3.642,multiply,USDT,2020-11-19
471,471,1605657600,3.867,3.58,3.839,548746.72,2054507.72,3.744,multiply,USDT,2020-11-18
472,472,1605571200,3.93,3.692,3.7,565295.18,2170074.92,3.839,multiply,USDT,2020-11-17
473,473,1605484800,3.817,3.458,3.548,775136.55,2868005.24,3.7,multiply,USDT,2020-11-16
474,474,1605398400,3.642,3.419,3.487,529654.9,1878974.06,3.548,multiply,USDT,2020-11-15
475,475,1605312000,3.697,3.4,3.674,543490.38,1895150.96,3.487,multiply,USDT,2020-11-14
476,476,1605225600,3.696,3.392,3.424,770885.93,2832234.91,3.674,multiply,USDT,2020-11-13
477,477,1605139200,3.56,3.323,3.486,462853.17,1584809.25,3.424,multiply,USDT,2020-11-12
478,478,1605052800,3.804,3.462,3.576,572455.0,1995854.63,3.486,multiply,USDT,2020-11-11
479,479,1604966400,3.629,3.38,3.411,499372.57,1785542.58,3.576,multiply,USDT,2020-11-10
480,480,1604880000,3.533,3.257,3.468,411509.06,1403657.4,3.411,multiply,USDT,2020-11-09
481,481,1604793600,3.66,3.362,3.422,492678.04,1708836.54,3.468,multiply,USDT,2020-11-08
482,482,1604707200,3.913,3.378,3.589,536970.54,1837421.9,3.422,multiply,USDT,2020-11-07
483,483,1604620800,3.658,3.324,3.348,674328.34,2420164.41,3.589,multiply,USDT,2020-11-06
484,484,1604534400,3.378,3.02,3.176,378728.82,1267984.09,3.348,multiply,USDT,2020-11-05
485,485,1604448000,3.376,3.006,3.324,374850.99,1190591.59,3.176,multiply,USDT,2020-11-04
486,486,1604361600,3.651,3.248,3.622,574609.64,1910186.89,3.324,multiply,USDT,2020-11-03
487,487,1604275200,3.875,3.616,3.681,457776.29,1657890.85,3.622,multiply,USDT,2020-11-02
488,488,1604188800,3.713,3.565,3.635,369896.97,1361590.75,3.681,multiply,USDT,2020-11-01
489,489,1604102400,3.748,3.588,3.726,591558.18,2150313.98,3.635,multiply,USDT,2020-10-31
490,490,1604016000,3.827,3.583,3.775,1314130.09,4896083.39,3.726,multiply,USDT,2020-10-30
491,491,1603929600,4.098,3.73,4.058,518933.53,1958974.08,3.775,multiply,USDT,2020-10-29
492,492,1603843200,4.175,3.935,4.122,273923.4,1111581.16,4.058,multiply,USDT,2020-10-28
493,493,1603756800,4.347,4.037,4.152,377054.47,1554218.53,4.122,multiply,USDT,2020-10-27
494,494,1603670400,4.486,4.041,4.149,1089266.57,4522796.01,4.152,multiply,USDT,2020-10-26
495,495,1603584000,4.253,4.105,4.186,365115.01,1514915.12,4.149,multiply,USDT,2020-10-25
496,496,1603497600,4.359,4.16,4.258,439111.08,1838198.9,4.186,multiply,USDT,2020-10-24
497,497,1603411200,4.479,4.145,4.338,561107.59,2389338.64,4.258,multiply,USDT,2020-10-23
498,498,1603324800,4.488,3.96,3.969,1204206.29,5224249.09,4.338,multiply,USDT,2020-10-22
499,499,1603238400,4.106,3.798,3.809,557526.85,2212780.58,3.969,multiply,USDT,2020-10-21
500,500,1603152000,4.095,3.701,4.054,878028.02,3344237.51,3.809,multiply,USDT,2020-10-20
501,501,1603065600,4.179,3.997,4.124,273321.07,1108057.28,4.054,multiply,USDT,2020-10-19
502,502,1602979200,4.25,4.074,4.199,136878.47,564503.24,4.124,multiply,USDT,2020-10-18
503,503,1602892800,4.214,3.971,4.047,254351.59,1068071.92,4.199,multiply,USDT,2020-10-17
504,504,1602806400,4.162,3.879,4.131,468705.19,1896870.06,4.047,multiply,USDT,2020-10-16
505,505,1602720000,4.233,4.002,4.164,298443.56,1232908.25,4.131,multiply,USDT,2020-10-15
506,506,1602633600,4.489,4.017,4.485,505292.07,2104117.03,4.164,multiply,USDT,2020-10-14
507,507,1602547200,4.569,4.324,4.414,770119.26,3454355.31,4.485,multiply,USDT,2020-10-13
508,508,1602460800,4.715,4.058,4.1,838473.53,3701365.94,4.414,multiply,USDT,2020-10-12
509,509,1602374400,4.18,3.937,4.027,530007.92,2173083.35,4.1,multiply,USDT,2020-10-11
510,510,1602288000,4.272,4.004,4.253,756809.8,3047690.47,4.027,multiply,USDT,2020-10-10
511,511,1602201600,4.329,3.807,3.919,565298.29,2404354.39,4.253,multiply,USDT,2020-10-09
512,512,1602115200,3.961,3.326,3.445,859032.62,3366475.82,3.919,multiply,USDT,2020-10-08
513,513,1602028800,3.55,3.21,3.546,979628.33,3375252.59,3.445,multiply,USDT,2020-10-07
514,514,1601942400,4.004,3.503,3.985,932269.23,3305399.71,3.546,multiply,USDT,2020-10-06
515,515,1601856000,4.05,3.874,3.968,473067.38,1885164.52,3.985,multiply,USDT,2020-10-05
516,516,1601769600,4.084,3.837,4.021,618608.25,2454615.27,3.968,multiply,USDT,2020-10-04
517,517,1601683200,4.194,3.874,3.916,677849.17,2725643.04,4.021,multiply,USDT,2020-10-03
518,518,1601596800,4.224,3.652,4.154,1725981.05,6758789.91,3.916,multiply,USDT,2020-10-02
519,519,1601510400,4.535,4.018,4.333,1382477.09,5743017.2,4.154,multiply,USDT,2020-10-01
520,520,1601424000,4.415,4.0,4.143,911077.09,3947996.78,4.333,multiply,USDT,2020-09-30
521,521,1601337600,4.294,3.965,4.206,1039980.97,4308785.72,4.143,multiply,USDT,2020-09-29
522,522,1601251200,4.71,4.172,4.657,1192534.94,5016042.85,4.206,multiply,USDT,2020-09-28
523,523,1601164800,4.722,4.115,4.529,1476361.99,6875854.79,4.657,multiply,USDT,2020-09-27
524,524,1601078400,4.83,4.338,4.718,1806786.55,8183008.56,4.529,multiply,USDT,2020-09-26
525,525,1600992000,5.028,4.204,4.59,3838710.1,18109932.54,4.718,multiply,USDT,2020-09-25
526,526,1600905600,4.892,3.406,3.525,6940697.11,31854919.35,4.59,multiply,USDT,2020-09-24
527,527,1600819200,5.365,3.403,5.25,12379563.0,43632029.76,3.525,multiply,USDT,2020-09-23
528,528,1600732800,7.007,4.031,5.014,24899303.66,130727444.54,5.25,multiply,USDT,2020-09-22
